user_input,retrieved_contexts,response,reference,faithfulness,answer_relevancy,llm_context_precision_with_reference,context_recall,synthesizer
"Слушайте, а вот эта вся ОБЩЕРОССИЙСКАЯ СПОРТИВНАЯ ОБЩЕСТВЕННАЯ ОРГАНИЗАЦИЯ ПО РАЗВИТИЮ СТРЕЛКОВЫХ ВИДОВ СПОРТА «ФЕДЕРАЦИЯ ПРАКТИЧЕСКОЙ СТРЕЛЬБЫ РОССИИ»... там в их бумажках написано, че там вообще за правила, как туда попасть, как потом выписаться и надо ли какие-то деньги платить?","['[Page 1]\n1 \n \nОБЩЕРОССИЙСКАЯ СПОРТИВНАЯ ОБЩЕСТВЕННАЯ ОРГАНИЗАЦИЯ \nПО РАЗВИТИЮ СТРЕЛКОВЫХ ВИДОВ СПОРТА \n«ФЕДЕРАЦИЯ ПРАКТИЧЕСКОЙ СТРЕЛЬБЫ РОССИИ» \n \nУтверждено решением \nИсполнительного комитета \nОСОО «ФПСР» \nот 22.08.2023 \n \n \n \nПОЛОЖЕНИЕ О ЧЛЕНСТВЕ В ОСОО «ФПСР» \n \n \nI. ОБЩИЕ ПОЛОЖЕНИЯ \n \n1. Настоящее Положение о членстве (далее – Положение) определяет условия и порядок \nприема в члены, исключения (выхода) из членов, порядок уплаты членских и иных \nвзносов, а также права, обязанности и ответственность членов Общероссийской \nспортивной общественной организации по развитию стрелковых видов спорта \n«Федерация практической стрельбы России» (далее – Федерация, ФПСР). \n2.', 'Членство в Федерации неотчуждаемо. Осуществление прав члена Федерации не может \nбыть передано другому лицу. \n6. Членами Федерации могут быть признающие и разделяющие цели и задачи Федерации, \nсодействующие деятельности Федерации, своевременно уплачивающие вступительный \nи членские взносы, признающие и соблюдающие Устав, р егламенты, положения и \nрешения Федерации: \n6.1. физические лица – граждане Российской Федерации, достигшие возраста 18 лет; \n6.2. юридические лица: \n\uf02d общественные объединения (региональные спортивные федерации практической \nстрельбы и иные общественные объединения, осуществляющие свою деятельность \nпреимущественно в виде спорта «практическая стрельба»); \n\n[Page 2]\n2 \n \n\uf02d спортивные клубы, независимо от их организационно -правовых форм, а также \nобъединения организаций, осуществляющи е свою деятельность в области спорта и \nразвивающие вид спорта «практическая стрельба».', '\uf02d выйти из членов Федерации по своему желанию. \n14. Члены Федерации - юридические лица имеют право: \n\uf02d получать информацию о деятельности Федерации и знакомиться с ее бухг алтерской \nи иной документацией по письменному запросу, направляемому Президенту \nФедерации; \n\uf02d вносить предложения, касающиеся деятельности Федерации, участвовать в их \nобсуждении и реализации; \n\uf02d пользоваться спортивными и образовательными программами Федерации; \n\uf02d проводить спортивные мероприятия по виду спорта «практическая стрельба»  в \nсоответствии с правилами данного вида спорта , положениями  и регламентами \nсоответствующих спортивных соревнований и мероприятий; \n\uf02d подавать заявки на проведение официальных спортивных с оревнований и \nучебно-тренировочных мероприятий муниципального, регионального, \nмежрегионального, всероссийского и международного уровней; \n\uf02d направлять своих членов или участников для участия в муниципальных и \nрегиональных мероприятиях; \n\uf02d выйти из членов Федерации по своему желанию. \n15.', 'Выдаёт  спортсменам зачётные листы и иные документы для \nучастия в соревновании. \n7.2.3. Размер заявочного взноса устанавливается ежегодно приказом \n(распоряжением) руководителя общероссийской спортивной федерации (при \nпроведении всероссийских спортивных соревнований, чемпионата России, Кубка \nРоссии и первенства Ро ссии) или региональной спортивной федерацией (при \nпроведении других соревнований) и не должен превышать 10 000 рублей с одного \nспортсмена за каждую спортивную дисциплину. \n7.2.3.1. Заявочный взнос должен быть уплачен организаторам  \nсоревнования до прохождения спортсменом комиссии по допуску. \n\n[Page 46]\n \n  \n46 \n7.2.3.2. Заявочный взнос может быть оплачен любым юридическим или \nфизическим лицом с обязательным указанием фамилии, имени и отчества \nучастника (участников) соревнования. \n7.2.3.3.', '\uf02d вносить предложения, касающиеся деятельности Федерации, участвовать в их \nобсуждении и реализации; \n\uf02d участвовать в спортивных соревнованиях и мероприятиях по виду спорта \n«практическая с трельба» на территории России и других стран в соответствии с \nправилами данного вида спорта  и регламентами соответствующих спортивных \nсоревнований и мероприятий; \n\uf02d участвовать в учебно-тренировочных мероприятиях, организуемых Федерацией или \nее региональными отделениями, пользоваться спортивно -стрелковыми объектами \nФедерации; \n\uf02d в случае смены места жительства (места пребывания) встать на учет в региональное \nотделение Федерации по новому месту жительства (месту пребывания); \n\uf02d пользоваться программами лояльности партнеров Федерации; \n\uf02d оказывать содействие в организации спортивного соревнования или мероприятия; \n\uf02d выйти из членов Федерации по своему желанию. \n14.']","Согласно Положению о членстве ОСОО «ФПСР»:

**Как вступить в члены Федерации**  
- Физическое лицо – гражданин РФ, достигший 18 лет, которое признаёт и разделяет цели и задачи Федерации, содействует её деятельности, своевременно уплачивает вступительный и членские взносы, соблюдает Устав, регламенты и решения Федерации.  
- Юридическое лицо – общественное объединение (региональная спортивная федерация практической стрельбы и др.), спортивный клуб (любой организационно‑правовой формы) или объединение организаций, осуществляющее деятельность в области спорта и развивающее вид «практическая стрельба», при тех же условиях, содействии уплате вступительного и членского взноса и соблюдения уставных документов.

**Как выйти из членов**  
- Член (как физическое, так и юридическое лицо) может выйти из Федерации по своему желанию – достаточно подать соответствующее заявление.

**Обязательные платежи**  
- Для приёма в члены необходимо уплатить **вступительный взнос** и регулярно **членские взносы** (их конкретный размер в предоставленном фрагменте не указан).  
- Отдельно упоминается **заявочный взнос** за участие в соревнованиях: он устанавливается ежегодно и не должен превышать 10 000 рублей с одного спортсмена за каждую спортивную дисциплину, но это относится к участию в соревнованиях, а не к членскому взносу.  

Итого: вступление требует согласия с целями Федерации, выполнения возрастного/организационного критерия и оплаты вступительного и членского взносов; выход возможен по собственному желанию; обязательны только вступительный и","Положение о членстве в Общероссийской спортивной общественной организации по развитию стрелковых видов спорта «Федерация практической стрельбы России» определяет условия и порядок приема в члены, исключения (выхода) из членов, порядок уплаты членских и иных взносов, а также права, обязанности и ответственность членов организации.",0.8333333333333334,0.5923297126297206,0.94999999997625,1.0,single_hop_specifc_query_synthesizer
Для кого обязательны правила этой Федерации?,"['2. Настоящее Положение принято в соответствии с норм ами действующего \nзаконодательства, включая Федеральный закон от 12.01.1996 № 7 -ФЗ «О  \nнекоммерческих организациях», Федеральный закон от 19.05.1995 № 82 -ФЗ «Об \nобщественных объединениях», Федеральный закон от 13.12.1996 № 150 -ФЗ «Об \nоружии», Федеральный закон от 04.12.2007 № 329-ФЗ «О физической культуре и спорте \nв Российской Федерации», иными нормативно -правовыми актами  Российской \nФедерации и Уставом Федерации. \nВ случае последующего изменения норм законодательства Российской Федерации \nнастоящее Положение действует в части, не противоречащей данным нормам. \n3. Правила настоящего Положения обязательны для всех членов Федерации. \n \nII. ЧЛЕНСТВО В ФЕДЕРАЦИИ \n \n4. Членство в Федерации является добровольным. \n5. Членство в Федерации неотчуждаемо. Осуществление прав члена Федерации не может \nбыть передано другому лицу. \n6.', 'членские и целевые взносы в порядке и \nразмере, установленном решением Конференции и настоящим Положением; \n\uf02d Выполнять решения руководящих органов Федерации; \n\uf02d Соблюдать Устав Федерации и иные регулирующие деятельность Федерации акты; \n\uf02d Воздерживаться от деятельности, противоречащей целям и задачам Федерации; \n\uf02d Не совершать действий (бездействий), нарушающих Устав Федерации, этику  \nспортивных и товарищеских взаимоотношений, подрывающих авторитет ФПСР, а \nтакже действий, наносящих репутационный и материальный ущерб Федерации; \n\uf02d Не совершать действий (бездействий), которые существенно затрудняют или делают \nневозможным достижение целей, ради которых создана Федерация; \n\uf02d Не разглашать конфиденциальную информацию о деятельности Федерации; \n\uf02d Вносить необходимые изменения в учетную запись личного кабинета члена \nФедерации в случае смены персональных и иных контактных данных; \n\uf02d Не распространять сведения, порочащие деловую репутацию Федерации, а также \nчесть, достоинство членов, работников и лиц,', 'порочащие деловую репутацию Федерации, а также \nчесть, достоинство членов, работников и лиц, входящих в ее органы управления в \nсредствах массовой информации. (данный абзац переписан в другой стилистической \nформулировке не изменяющей сути вопроса) \n19. Члены Федерации - юридические лица обязаны: \n\uf02d Своевременно уплачивать вступительные, членские и целевые взносы в порядке и \nразмере, установленным решением Конференции и настоящим Положением; \n\uf02d Выполнять решения руководящих органов Федерации; \n\uf02d Соблюдать Устав Федерации и иные регулирующие деятельность Федерации акты; \n\uf02d Воздерживаться от деятельности, противоречащей целям и задачам Федерации; \n\uf02d Не совершать действий (бездействий), нарушающих Устав Федерации, этику \nспортивных и товарищеских взаимоотно шений, а также действий, наносящих \nрепутационный и материальный ущерб Федерации; \n\uf02d Не совершать действий (бездействий), которые существенно затрудняют или делают \nневозможным достижение целей, ради которых создана Федерация;', '15. Члены Федерации при наличии задолженности по членским взносам за текущий год не \nимеют права: \n\uf02d требовать внесения изменений в свою учетную запись  личного кабинета члена \nФедерации; \n\uf02d на выдачу и продление удостоверения члена Федерации, в том числе электронного; \n\n[Page 4]\n4 \n \n\uf02d оформлять переход в другое региональное отделение Федерации. \n \nIV. ОБЯЗАННОСТИ ЧЛЕНОВ ФЕДЕРАЦИИ \n \n16. Все члены Федерации несут равные обязанности в соответствии с Уставом, \nПоложением и иными нормативными актами Федерации. \n17. Обязанности члена Федерации возникают с момента принятия решения Президента о \nвступлении его в Федерацию . Прекращение членства ведёт к прекращению всех \nобязанностей по отношению к ФПСР в соответствии с действующим \nзаконодательством Российской Федерации, за исключением обязанности по оплате \nнеуплаченных ранее членских взносов. \n18. Члены Федерации - физические лица обязаны: \n\uf02d Своевременно уплачивать вступительные, членские и целевые взносы в порядке и \nразмере,', 'Членство в Федерации неотчуждаемо. Осуществление прав члена Федерации не может \nбыть передано другому лицу. \n6. Членами Федерации могут быть признающие и разделяющие цели и задачи Федерации, \nсодействующие деятельности Федерации, своевременно уплачивающие вступительный \nи членские взносы, признающие и соблюдающие Устав, р егламенты, положения и \nрешения Федерации: \n6.1. физические лица – граждане Российской Федерации, достигшие возраста 18 лет; \n6.2. юридические лица: \n\uf02d общественные объединения (региональные спортивные федерации практической \nстрельбы и иные общественные объединения, осуществляющие свою деятельность \nпреимущественно в виде спорта «практическая стрельба»); \n\n[Page 2]\n2 \n \n\uf02d спортивные клубы, независимо от их организационно -правовых форм, а также \nобъединения организаций, осуществляющи е свою деятельность в области спорта и \nразвивающие вид спорта «практическая стрельба».']",Правила настоящего Положения обязательны для всех членов Федерации.,Правила настоящего Положения обязательны для всех членов Федерации.,1.0,0.8298315741712661,0.99999999998,,single_hop_specifc_query_synthesizer
"Каким требованиям к гражданству и возрасту должны соответствовать физические лица, претендующие на членство в Федерации согласно положениям документа, в контексте законодательства Российской Федерации?","['Юридические лица  могут стать членами Федерации при условии, что они выражают \nсолидарность с уставными целями и задачами Федерации, и их уставы не противоречат \nУставу Федерации. \n7. Физические и юридические лица, принятые в члены Федерации до вступления в силу \nнастоящего Положения, сохраняют свое членство без прохождения процедуры \nвступления в члены Федерации, установленной настоящим Положением. \n8. Не могут быть членами Федерации л ица, круг которых определен действующим \nзаконодательством Российской Федерации или актами самой Федерации, включая, в \nтом числе: \n\uf02d лицо, содержащееся в местах лишения свободы по приговору суда;  \n\uf02d лицо, в отношении которого вступившим в законную силу решением  суда \nустановлено, что в его действиях содержатся признаки экстремистской деятельности;  \n\uf02d лицо, признанн ое судом недееспособным  в порядке, установленном гражданским \nпроцессуальным законодательством; \n\uf02d общественное объединение, деятельность которого приостановлена в соот ветствии \nсо ст .', 'которые существенно затрудняют или делают \nневозможным достижение целей, ради которых создана Федерация; \n\uf02d Не разглашать конфиденциальную информацию о деятельности Федерации; \n\uf02d Сообщать об изменениях учредительных документов, реквизитов и иных контактных \nданных; \n\uf02d Не распространять сведения, порочащие честь, достоинство и (или) деловую \nрепутацию Федерации, а также работников и лиц, входящих в ее органы управления в \n\n[Page 5]\n5 \n \nсредствах массовой информации. \n \nV. ПОРЯДОК ВСТУПЛЕНИЯ В ЧЛЕНЫ ФЕДЕРАЦИИ \n \n20. Физические лица, желающие вступи ть в члены Федерации (далее – кандидат в члены \nФедерации), проходят электронную процедуру подачи заявки на вступление в члены \nФедерации. \n21. Для вступления в члены Федерации кандидату в члены Федерации необходимо: \n21.1. Пройти (успешно завершить) курсы безопасного и  квалифицированного \nобращения с оружием (далее – БЕКОСО) у инструктора ФПСР (список \nинструкторов ФПСР опубликован на сайте Федерации в сети Интернет по ссылке \nhttps://ipsc.ru/).', '31. Юридические лица, желающие вступить в члены Федерации, подают письменное \nзаявление на имя Президента Федерации о приеме в члены ФПСР , в котором должно \nбыть указано: полное наименование юридического лица, адрес юридического лица , \nкоды ОКВЭД, согласие с Уставом Федерации и обязательство соблюдать данный Устав \nи другие нормативные акты Федерации. \n32.', '32. Вместе с письменным заявлением юридические  лица предоставляют следующие \nдокументы: \n\uf02d Протокол о решении вступить в Федерацию уполномоченного органа юридического \nлица, к компетенции которого уставом этого юридического лица отнесено принятие \nданного решения; \n\uf02d Нотариально заверенная копия действующего устава юридического лица и \nизменений к нему; \n\uf02d Нотариально заверенная копия с видетельства о государственной регистрации  \nюридического лица; \n\uf02d Нотариально заверенная копия с видетельства о постановке на учет в налоговом \nоргане юридического лица; \n\uf02d Нотариально завер енная копия выписки из единого государственного реестра \nюридический лиц; \n\uf02d Платежное поручение об оплате вступительного и членского взносов  (членский \nвзнос необходимо оплатить на срок не менее чем за один год  по реквизитам, \nуказанным на сайте Федерации в разделе «Реквизиты» , и в размере, указанном в \nГлаве 7 настоящего Положения). \n33. Вышеуказанные документы юридическое лицо направляет непосредственно в  \nФедерацию на имя Президента Федерации. \n34.', 'Членство в Федерации неотчуждаемо. Осуществление прав члена Федерации не может \nбыть передано другому лицу. \n6. Членами Федерации могут быть признающие и разделяющие цели и задачи Федерации, \nсодействующие деятельности Федерации, своевременно уплачивающие вступительный \nи членские взносы, признающие и соблюдающие Устав, р егламенты, положения и \nрешения Федерации: \n6.1. физические лица – граждане Российской Федерации, достигшие возраста 18 лет; \n6.2. юридические лица: \n\uf02d общественные объединения (региональные спортивные федерации практической \nстрельбы и иные общественные объединения, осуществляющие свою деятельность \nпреимущественно в виде спорта «практическая стрельба»); \n\n[Page 2]\n2 \n \n\uf02d спортивные клубы, независимо от их организационно -правовых форм, а также \nобъединения организаций, осуществляющи е свою деятельность в области спорта и \nразвивающие вид спорта «практическая стрельба».']",Физические лица должны быть гражданами Российской Федерации и достичь возраста 18 лет.,"Согласно пункту 6.1, членами Федерации могут быть физические лица, которые являются гражданами Российской Федерации и достигли возраста 18 лет.",1.0,0.7003267221888185,0.19999999998,1.0,single_hop_specifc_query_synthesizer
При каких условиях юридические лица могут быть приняты в члены Федерации?,"['Юридические лица  могут стать членами Федерации при условии, что они выражают \nсолидарность с уставными целями и задачами Федерации, и их уставы не противоречат \nУставу Федерации. \n7. Физические и юридические лица, принятые в члены Федерации до вступления в силу \nнастоящего Положения, сохраняют свое членство без прохождения процедуры \nвступления в члены Федерации, установленной настоящим Положением. \n8. Не могут быть членами Федерации л ица, круг которых определен действующим \nзаконодательством Российской Федерации или актами самой Федерации, включая, в \nтом числе: \n\uf02d лицо, содержащееся в местах лишения свободы по приговору суда;  \n\uf02d лицо, в отношении которого вступившим в законную силу решением  суда \nустановлено, что в его действиях содержатся признаки экстремистской деятельности;  \n\uf02d лицо, признанн ое судом недееспособным  в порядке, установленном гражданским \nпроцессуальным законодательством; \n\uf02d общественное объединение, деятельность которого приостановлена в соот ветствии \nсо ст .', '31. Юридические лица, желающие вступить в члены Федерации, подают письменное \nзаявление на имя Президента Федерации о приеме в члены ФПСР , в котором должно \nбыть указано: полное наименование юридического лица, адрес юридического лица , \nкоды ОКВЭД, согласие с Уставом Федерации и обязательство соблюдать данный Устав \nи другие нормативные акты Федерации. \n32.', '32. Вместе с письменным заявлением юридические  лица предоставляют следующие \nдокументы: \n\uf02d Протокол о решении вступить в Федерацию уполномоченного органа юридического \nлица, к компетенции которого уставом этого юридического лица отнесено принятие \nданного решения; \n\uf02d Нотариально заверенная копия действующего устава юридического лица и \nизменений к нему; \n\uf02d Нотариально заверенная копия с видетельства о государственной регистрации  \nюридического лица; \n\uf02d Нотариально заверенная копия с видетельства о постановке на учет в налоговом \nоргане юридического лица; \n\uf02d Нотариально завер енная копия выписки из единого государственного реестра \nюридический лиц; \n\uf02d Платежное поручение об оплате вступительного и членского взносов  (членский \nвзнос необходимо оплатить на срок не менее чем за один год  по реквизитам, \nуказанным на сайте Федерации в разделе «Реквизиты» , и в размере, указанном в \nГлаве 7 настоящего Положения). \n33. Вышеуказанные документы юридическое лицо направляет непосредственно в  \nФедерацию на имя Президента Федерации. \n34.', 'которые существенно затрудняют или делают \nневозможным достижение целей, ради которых создана Федерация; \n\uf02d Не разглашать конфиденциальную информацию о деятельности Федерации; \n\uf02d Сообщать об изменениях учредительных документов, реквизитов и иных контактных \nданных; \n\uf02d Не распространять сведения, порочащие честь, достоинство и (или) деловую \nрепутацию Федерации, а также работников и лиц, входящих в ее органы управления в \n\n[Page 5]\n5 \n \nсредствах массовой информации. \n \nV. ПОРЯДОК ВСТУПЛЕНИЯ В ЧЛЕНЫ ФЕДЕРАЦИИ \n \n20. Физические лица, желающие вступи ть в члены Федерации (далее – кандидат в члены \nФедерации), проходят электронную процедуру подачи заявки на вступление в члены \nФедерации. \n21. Для вступления в члены Федерации кандидату в члены Федерации необходимо: \n21.1. Пройти (успешно завершить) курсы безопасного и  квалифицированного \nобращения с оружием (далее – БЕКОСО) у инструктора ФПСР (список \nинструкторов ФПСР опубликован на сайте Федерации в сети Интернет по ссылке \nhttps://ipsc.ru/).', '34. Президент Федерации информирует Председателя регионального \nотделения/Руководителя аккредитованного РСОО по месту нахождения юридического \nлица о поступлении документов на вступление юридического лица в члены Федерации. \nПредседатель регионального отделения /Руководитель аккредитованного РСОО по \nместу нахождения юридического лица имеет право  направить рекомендацию (скан) о \nпринятии (непринятии) юридического лица в члены Федерации  в течение 10 (десяти) \nрабочих дней с момента информирования Президентом Федерации. \nОтрицательная рекомендация должна быть мотивированной.  \nРекомендация Председателя регионального отделения/Руководителя аккредитованного \nРСОО не носит обязательного характера для Президента Федерации. \n35. Президент Федерации не позднее конца месяца, следующего за месяцем приема \nдокументов от юридического лица , принимает решение о принятии (непринятии) в \nчлены Федерации юридического лица. \n36. В случае отказа в принятии в члены Федерации уплаченные кандидатом взносы \nподлежат возврату. \n37.']","Юридические лица могут быть приняты в члены Федерации, если они выражают солидарность с уставными целями и задачами Федерации и их уставы не противоречат Уставу Федерации.","Юридические лица могут стать членами Федерации при условии, что они выражают солидарность с уставными целями и задачами Федерации, и их уставы не противоречат Уставу Федерации.",1.0,,,1.0,single_hop_specifc_query_synthesizer
Кто там по 115-ФЗ про легализаци и отмывание денег?,"['10 Федерального закона от 25.06.2002 № 114 -ФЗ «О противодействии \nэкстремистской деятельности»; \n\uf02d лицо, включенное в перечень в соответствии с п. 2 ст. 6 Федерального закона от \n07.08.2001 № 115 -ФЗ «О противодействии легализаци и (отмыванию) ден ежных \nсредств, полученных преступным путем, и финансированию терроризма»;  \n\uf02d организация или физическое лицо, в отношении которых межведомственным \nкоординационным органом, осуществляющим функции по противодействию \nфинансированию терроризма, принято решение о  замораживании (блокировании) \nденежных средств или иного имущества в соответствии со ст .', '7.4 Федерального \nзакона от 07.08.2001 № 115 -ФЗ «О противодействии легализации (отмыванию) \nденежных средств, полученных преступным путем, и финансированию терроризма», \nдо отмены такого решения;  \n\uf02d лицо, включенное в составляемые в рамках реализации полномочий, \nпредусмотренных главой VII Устава ООН, Советом Безопасности ООН или \nорганами, специально созданными решениями Совета Безопасности ООН, перечни \nорганизаций и физическ их лиц, связанных с террористическими организациями и \nтеррористами или с распространением оружия массового уничтожения. \n9. Членам Федерации - физическим лицам за особые заслуги в развитии вида спорта \n«практическая стрельба» и (или) выдающиеся спортивные дости жения по виду спорта \n«практическая стрельба» на основании решения Президента Федерации может быть \nприсвоено звание «Почетный член ОСОО « ФПСР». Член Федерации со званием \n«Почетный член ОСОО «ФПСР» освобождается от уплаты членских взносов. \n10. Учет членов Федерации организует Президент Федерации. \n \nIII.', '7.3.3. Официальные лица, дисквалифицированные за нарушение \nтребований безопасности во время своего выступления  в качестве спортсмена , \nмогут продолжать выполнять свои обязанности в качестве официальных лиц \nсоревнования. Окончательное решение по каждому слу чаю остается в \nкомпетенции главного судьи. \n \n7.4. Организационный комитет соревнования \n \n7.4.1. Организаторы соревнования должны до  его начала обеспечить \nвстречу директора соревнований и г лавного судьи для обсуждения пре дстоящего \nсоревнования и распределения обязанн остей в соответствии с правилами. При \nпроведении соревнований муниципального уровня и уровня спор тивных \nорганизаций обязанности директора соревнований и г лавного судьи может \nсовмещать один человек. \n7.4.2. В соо тветствии с правилами под официальными лицами \nсоревнования (например: судья, г лавный судья и т ак далее ) подразумеваются \nлица, которые официально назначе ны организаторами соревнования  для \nобеспечения проведения соревнования.', '11.1.5. Сохранение доказа тельств – спортсмен (тренер, любое другое \nтретье лицо), подающий протест, должен поставить в известность главного судью \nо своем решении подать протест в арбитражный комитет и может потребовать от \nофициальных лиц сохранить в ожидании слушания документы или другие \nсвидетельства, касающиеся данного протеста.  \n11.1.6. Подготовка протеста – лицо (спортсмен, тренер, любое другое \nтретье лицо), подающее протест, несет ответственность за составление и передачу \nего в письменной ф орме. Протест должен быть передан г лавному судье в месте с \nоплатой залога в  течение установленного периода времени , указанного в пункте \n11.3.1. \n11.1.7. Обязанности официальных лиц соревнования – любое официальное \nлицо соревнования, получившее запрос на подачу протеста в арбитраж, должно \nбез промедления поставить в известность г лавного судью и записать данные всех \nсвидетелей и других официальных лиц, причастных к происшест вию, и передать \nвсю информацию главному судье. \n11.1.8. Обязанности директора соревнования .', '11.5.2. Разъяснения. Арбитражный к омитет может потребовать от лица, \nподавшего протест, дать пояснения по предоставленным документам и может \nзадавать ему любые вопросы, относящиеся к протесту. \n11.5.3. Слушания. Л ицо, подавшее протест, м огут попросить удалиться, \nпока арбитражный комитет заслушивает дополнительные пояснения. \n11.5.4. Свидетели. Арбитражный к омитет может заслушать официальных \nлиц соревнования, других свидетелей, участвующих в процесс е рассмотрения \nапелляции. Арбитражный к омитет будет изучать все представлен ные \nдоказательства. \n11.5.5. Вопросы. Арбитражный к омитет может задавать свидетелям и \nофициальным лицам любые вопросы, относящиеся к протесту. \n11.5.6. Мнения. Члены арбитражного комитета должны воздерживаться от \nвысказывания мнений и вынесения решений во вр емя процесса рассмотрения \nпротеста. \n11.5.7. Осмотр.']","Лица, включённые в перечень в соответствии с пунктом 2 статьи 6 Федерального закона от 07.08.2001 № 115‑ФЗ «О противодействии легализации и (отмыванию) денежных средств, полученных преступным путем, и финансированию терроризма».","В контексте упоминается лицо, включенное в перечень в соответствии с п. 2 ст. 6 Федерального закона от 07.08.2001 № 115 -ФЗ «О противодействии легализаци и (отмыванию) ден ежных средств, полученных преступным путем, и финансированию терроризма».",0.5,0.6731120547249461,0.99999999995,1.0,single_hop_specifc_query_synthesizer
"В соответствии с представленным текстом, какие лица, в том числе в контексте упоминания Федерального закона от 07.08.2001 № 115-ФЗ, подпадают под определенные ограничения или перечни, связанные с противодействием терроризму?","['10 Федерального закона от 25.06.2002 № 114 -ФЗ «О противодействии \nэкстремистской деятельности»; \n\uf02d лицо, включенное в перечень в соответствии с п. 2 ст. 6 Федерального закона от \n07.08.2001 № 115 -ФЗ «О противодействии легализаци и (отмыванию) ден ежных \nсредств, полученных преступным путем, и финансированию терроризма»;  \n\uf02d организация или физическое лицо, в отношении которых межведомственным \nкоординационным органом, осуществляющим функции по противодействию \nфинансированию терроризма, принято решение о  замораживании (блокировании) \nденежных средств или иного имущества в соответствии со ст .', '7.4 Федерального \nзакона от 07.08.2001 № 115 -ФЗ «О противодействии легализации (отмыванию) \nденежных средств, полученных преступным путем, и финансированию терроризма», \nдо отмены такого решения;  \n\uf02d лицо, включенное в составляемые в рамках реализации полномочий, \nпредусмотренных главой VII Устава ООН, Советом Безопасности ООН или \nорганами, специально созданными решениями Совета Безопасности ООН, перечни \nорганизаций и физическ их лиц, связанных с террористическими организациями и \nтеррористами или с распространением оружия массового уничтожения. \n9. Членам Федерации - физическим лицам за особые заслуги в развитии вида спорта \n«практическая стрельба» и (или) выдающиеся спортивные дости жения по виду спорта \n«практическая стрельба» на основании решения Президента Федерации может быть \nприсвоено звание «Почетный член ОСОО « ФПСР». Член Федерации со званием \n«Почетный член ОСОО «ФПСР» освобождается от уплаты членских взносов. \n10. Учет членов Федерации организует Президент Федерации. \n \nIII.', 'Юридические лица  могут стать членами Федерации при условии, что они выражают \nсолидарность с уставными целями и задачами Федерации, и их уставы не противоречат \nУставу Федерации. \n7. Физические и юридические лица, принятые в члены Федерации до вступления в силу \nнастоящего Положения, сохраняют свое членство без прохождения процедуры \nвступления в члены Федерации, установленной настоящим Положением. \n8. Не могут быть членами Федерации л ица, круг которых определен действующим \nзаконодательством Российской Федерации или актами самой Федерации, включая, в \nтом числе: \n\uf02d лицо, содержащееся в местах лишения свободы по приговору суда;  \n\uf02d лицо, в отношении которого вступившим в законную силу решением  суда \nустановлено, что в его действиях содержатся признаки экстремистской деятельности;  \n\uf02d лицо, признанн ое судом недееспособным  в порядке, установленном гражданским \nпроцессуальным законодательством; \n\uf02d общественное объединение, деятельность которого приостановлена в соот ветствии \nсо ст .', '[Page 54]\n \n  \n54 \nТакие предостережения не могут служить основанием для перестрела \nупражнения.  \n8.6.1.1. Спортсмен, передвигающийся на инвалидном кресле или на другом \nподобном устройстве, может получит ь специальное разрешен ие г лавного судьи \nна помощь в перед вижении. Однако, по усмотрению г лавного судьи, могут быть \nприменены условия пункта 10.2.11. \n8.6.2. Любой человек, оказывающий помощь или мешающий спортсмену \nво время выполнения упражнения без предвар ительного одобрения судьи, и \nспортсмен, кому была направлена  помощь или подсказк а, по усмотрению судьи \nполучают процедурный штраф на данном упражнении или  к ним будет применён \nпункт 10.6.1. \n8.6.3. К любому  лицу, фактически помешавшему спортсмену во время \nвыполнения им упражнения, может быть применён пункт 10.6.', 'Примеры включают в себя (но не ограничены): невыполнение разумных \nтребований официального лица соревнования, вмешательств о в работу на \nупражнении или выполнение спортсменом упражнения, а также любое поведение, \nкоторое может дискредитировать этот вид спорта. \n10.7. Дисквалификация с соревнования – запрещенные вещества \n  \n10.7.1. Все участники соревнования  должны полностью контролировать \nсвое физическое и психическое состояние. \n10.7.2. Считается чрезвычайно серьёзным нарушением правил \nупотребление алкогольных напитков, лекарственных препаратов, не прописанных \nврачом и не являющихся жизненно необходимыми, а также использование \nнелегальных возбуждающих препаратов вне зависимости от того, каким способом \nони употребляются. \n10.7.3. Кроме как в медицинских целях , все участники соревнования  не \nдолжны находиться на соревновании под воздействием любого вида \nнаркотических веществ (включая алкоголь).']","Лица, подпадающие под ограничения или перечни, связанные с противодействием терроризму, включают:

- лицо, включённое в перечень в соответствии с п. 2 ст. 6 Федерального закона от 07.08.2001 № 115‑ФЗ «О противодействии легализации (отмыванию) денежных средств, полученных преступным путём, и финансированию терроризма»;
- организация или физическое лицо, в отношении которых межведомственным координационным органом, осуществляющим функции по противодействию финансированию терроризма, принято решение о замораживании (блокировании) денежных средств или иного имущества;
- лицо, включённое в перечни, составляемые в рамках реализации полномочий, предусмотренных главой VII Устава ООН, Советом Безопасности ООН или органами, специально созданными решениями Совета Безопасности ООН, связанные с террористическими организациями, террористами или распространением оружия массового уничтожения.","Согласно предоставленному тексту, к таким лицам относятся лица, указанные в пункте 7.4 Федерального закона от 07.08.2001 № 115-ФЗ «О противодействии легализации (отмыванию) денежных средств, полученных преступным путем, и финансированию терроризма» (до отмены такого решения), а также лица, включенные в перечни организаций и физических лиц, связанных с террористическими организациями и террористами или с распространением оружия массового уничтожения, которые составляются Советом Безопасности ООН или органами, специально созданными решениями Совета Безопасности ООН в рамках реализации полномочий, предусмотренных главой VII Устава ООН.",,,,,single_hop_specifc_query_synthesizer
"Подскажите, пожалуйста, в какой момент у человека появляються права члена ФПСР и что происхадит с этими правами при прекращении членства в ФПСР?","['10. Учет членов Федерации организует Президент Федерации. \n \nIII. ПРАВА ЧЛЕНОВ ФЕДЕРАЦИИ \n \n11. Все члены Федерации пользуются равными правами в соответствии с Уставом , \nПоложением и иными нормативными актами Федерации. \n\n[Page 3]\n3 \n \n12. Права члена Федерации возникают с момента принятия решения Президе нта о \nвступлении его в Федерацию. Прекращение членства ведёт к прекращению всех прав по \nотношению к ФПСР в соответствии с действующим законодательством Российской \nФедерации. \n13. Члены Федерации - физические лица имеют право: \n\uf02d участвовать в управлении делами Федерации, избирать и быть избранными в \nруководящие и контрольно -ревизионные органы Федерации в соответствии с \nУставом Федерации и иными нормативными актами Федерации; \n\uf02d получать информацию о деятельности Федерации и знакомиться с ее бухгалтерской \nи иной документацией по письменному запросу, направляемому Президенту \nФедерации; \n\uf02d вносить предложения, касающиеся деятельности Федерации, участвовать в их \nобсуждении и реализации;', '46. Решение об исключении из Федерации считается принятым, если за него проголосовало \nне менее 2/3 (двух третей) членов Исполнительного комитета Федерации, \nучаствовавших в заседании Исполнительного комитета Федерации. \n47. При исключении из членов Федерации по решению Исполни тельного комитета \nФедерации у лица не возникает права на возврат уплаченных взносов. \n48. Членство юридического лица в Федерации прекращается в случае ликвидации члена \nФедерации - юридического лица (исключения из единого государственного реестра \nюридических лиц ). Принятие решения по данному вопросу соответствующих \nруководящих органов ФПСР не требуется, а права и обязанности члена Федерации \nпрекращаются с момента внесения записи о ликвидации юридического лица в Единый \nгосударственный реестр юридических лиц. \n49. Повторное принятие в члены Федерации ранее исключенных лиц возможно  по \nистечении сроков, указанных в решении об исключении (предельный срок \nустанавливается в размере 5 лет, пожизненный срок – является самостоятельной \nсанкцией).', '15. Члены Федерации при наличии задолженности по членским взносам за текущий год не \nимеют права: \n\uf02d требовать внесения изменений в свою учетную запись  личного кабинета члена \nФедерации; \n\uf02d на выдачу и продление удостоверения члена Федерации, в том числе электронного; \n\n[Page 4]\n4 \n \n\uf02d оформлять переход в другое региональное отделение Федерации. \n \nIV. ОБЯЗАННОСТИ ЧЛЕНОВ ФЕДЕРАЦИИ \n \n16. Все члены Федерации несут равные обязанности в соответствии с Уставом, \nПоложением и иными нормативными актами Федерации. \n17. Обязанности члена Федерации возникают с момента принятия решения Президента о \nвступлении его в Федерацию . Прекращение членства ведёт к прекращению всех \nобязанностей по отношению к ФПСР в соответствии с действующим \nзаконодательством Российской Федерации, за исключением обязанности по оплате \nнеуплаченных ранее членских взносов. \n18. Члены Федерации - физические лица обязаны: \n\uf02d Своевременно уплачивать вступительные, членские и целевые взносы в порядке и \nразмере,', '39. Принятие физического лица в члена Федерации автоматически делает его членом \n(участником) Международной Конфедерации Практической Стрельбы ( International \nPractical Shooting Confederation – IРSС). \nФедерация возлагает на себя обязанность по обеспечению всех необходимых условий \nдля поддержания и сохранения членами Федер ации - физическими лицами статуса \nчлена (участника) IРSС, в том числе по оплате необходимых взносов. \n \nVI. ПОРЯДОК ПРЕКРАЩЕНИЯ ЧЛЕНСТВА В ФЕДЕРАЦИИ \n \n40. Президент Федерации принимает решение об исключении из членов Фед ерации (в том \nчисле членов Федерации со званием «Почетный член ОСОО «ФПСР»)  по следующим \nоснованиям: \n\uf02d В связи с неуплатой членских взносов в течение 1 (одного) года; \n\uf02d По собственному желанию члена Федерации. \n41. Член Федерации прекращает свое членство в Федерации по собственному желанию \nпутем подачи письменного заявления Президенту Федерации.', '\uf02d выйти из членов Федерации по своему желанию. \n14. Члены Федерации - юридические лица имеют право: \n\uf02d получать информацию о деятельности Федерации и знакомиться с ее бухг алтерской \nи иной документацией по письменному запросу, направляемому Президенту \nФедерации; \n\uf02d вносить предложения, касающиеся деятельности Федерации, участвовать в их \nобсуждении и реализации; \n\uf02d пользоваться спортивными и образовательными программами Федерации; \n\uf02d проводить спортивные мероприятия по виду спорта «практическая стрельба»  в \nсоответствии с правилами данного вида спорта , положениями  и регламентами \nсоответствующих спортивных соревнований и мероприятий; \n\uf02d подавать заявки на проведение официальных спортивных с оревнований и \nучебно-тренировочных мероприятий муниципального, регионального, \nмежрегионального, всероссийского и международного уровней; \n\uf02d направлять своих членов или участников для участия в муниципальных и \nрегиональных мероприятиях; \n\uf02d выйти из членов Федерации по своему желанию. \n15.']","Права члена Федерации возникают с момента принятия решения Президента о вступлении лица в Федерацию (п. 12). При прекращении членства все права по отношению к ФПСР прекращаются (п. 12, п. 17).",Права члена Федерации возникают с момента принятия решения Президента о вступлении его в Федерацию. Прекращение членства ведёт к прекращению всех прав по отношению к ФПСР в соответствии с действующим законодательством Российской Федерации.,,,0.7499999999625,1.0,single_hop_specifc_query_synthesizer
какие права имеют члены Федерации в отношении участия в соревнованиях по практической стрельбе на территории России?,"['Членство в Федерации неотчуждаемо. Осуществление прав члена Федерации не может \nбыть передано другому лицу. \n6. Членами Федерации могут быть признающие и разделяющие цели и задачи Федерации, \nсодействующие деятельности Федерации, своевременно уплачивающие вступительный \nи членские взносы, признающие и соблюдающие Устав, р егламенты, положения и \nрешения Федерации: \n6.1. физические лица – граждане Российской Федерации, достигшие возраста 18 лет; \n6.2. юридические лица: \n\uf02d общественные объединения (региональные спортивные федерации практической \nстрельбы и иные общественные объединения, осуществляющие свою деятельность \nпреимущественно в виде спорта «практическая стрельба»); \n\n[Page 2]\n2 \n \n\uf02d спортивные клубы, независимо от их организационно -правовых форм, а также \nобъединения организаций, осуществляющи е свою деятельность в области спорта и \nразвивающие вид спорта «практическая стрельба».', '\uf02d выйти из членов Федерации по своему желанию. \n14. Члены Федерации - юридические лица имеют право: \n\uf02d получать информацию о деятельности Федерации и знакомиться с ее бухг алтерской \nи иной документацией по письменному запросу, направляемому Президенту \nФедерации; \n\uf02d вносить предложения, касающиеся деятельности Федерации, участвовать в их \nобсуждении и реализации; \n\uf02d пользоваться спортивными и образовательными программами Федерации; \n\uf02d проводить спортивные мероприятия по виду спорта «практическая стрельба»  в \nсоответствии с правилами данного вида спорта , положениями  и регламентами \nсоответствующих спортивных соревнований и мероприятий; \n\uf02d подавать заявки на проведение официальных спортивных с оревнований и \nучебно-тренировочных мероприятий муниципального, регионального, \nмежрегионального, всероссийского и международного уровней; \n\uf02d направлять своих членов или участников для участия в муниципальных и \nрегиональных мероприятиях; \n\uf02d выйти из членов Федерации по своему желанию. \n15.', '\uf02d вносить предложения, касающиеся деятельности Федерации, участвовать в их \nобсуждении и реализации; \n\uf02d участвовать в спортивных соревнованиях и мероприятиях по виду спорта \n«практическая с трельба» на территории России и других стран в соответствии с \nправилами данного вида спорта  и регламентами соответствующих спортивных \nсоревнований и мероприятий; \n\uf02d участвовать в учебно-тренировочных мероприятиях, организуемых Федерацией или \nее региональными отделениями, пользоваться спортивно -стрелковыми объектами \nФедерации; \n\uf02d в случае смены места жительства (места пребывания) встать на учет в региональное \nотделение Федерации по новому месту жительства (месту пребывания); \n\uf02d пользоваться программами лояльности партнеров Федерации; \n\uf02d оказывать содействие в организации спортивного соревнования или мероприятия; \n\uf02d выйти из членов Федерации по своему желанию. \n14.', '[Page 1]\n1 \n \nОБЩЕРОССИЙСКАЯ СПОРТИВНАЯ ОБЩЕСТВЕННАЯ ОРГАНИЗАЦИЯ \nПО РАЗВИТИЮ СТРЕЛКОВЫХ ВИДОВ СПОРТА \n«ФЕДЕРАЦИЯ ПРАКТИЧЕСКОЙ СТРЕЛЬБЫ РОССИИ» \n \nУтверждено решением \nИсполнительного комитета \nОСОО «ФПСР» \nот 22.08.2023 \n \n \n \nПОЛОЖЕНИЕ О ЧЛЕНСТВЕ В ОСОО «ФПСР» \n \n \nI. ОБЩИЕ ПОЛОЖЕНИЯ \n \n1. Настоящее Положение о членстве (далее – Положение) определяет условия и порядок \nприема в члены, исключения (выхода) из членов, порядок уплаты членских и иных \nвзносов, а также права, обязанности и ответственность членов Общероссийской \nспортивной общественной организации по развитию стрелковых видов спорта \n«Федерация практической стрельбы России» (далее – Федерация, ФПСР). \n2.', '6.4.6. Команда не имеет права заменить дисквалифицированного \nспортсмена. Его очки будут изъяты из результатов соревнования  и не пойдут в \nзачёт команде. \n6.5. Региональный статус спортсмена \n \n6.5.1. Принадлежность спортсмен а к субъекту Р оссийской Федерации \nопределяется действующим законодательством (на соревнованиях всероссийского \nстатуса согласно списку спорти вной сборной команды субъекта Российской \nФедерации, других соревнований – заявкой на участие в соревновании ). При \nневозможности оп ределения принадлежности спортсмена к одному субъекту \nРоссийской Федерации спортсмен к соревнованиям не допускается. \n6.6. График соревнования \n \n6.6.1. Соревнование проводится в соответствии с опубликованными в \nрегламенте соревнования расписанием и графиком выполнения упражнений для \nкаждой группы участников. Спортсмен, не явившийся на упражнение в указанное \nв расписании время, не сможет выполнить это упражнен ие без специального \nразрешения д иректора соревнования.']",Члены Федерации имеют право участвовать в спортивных соревнованиях и мероприятиях по виду спорта «практическая стрельба» на территории России (и других стран) в соответствии с правилами данного вида спорта и регламентами соответствующих спортивных соревнований и мероприятий.,Члены Федерации имеют право участвовать в спортивных соревнованиях и мероприятиях по виду спорта «практическая стрельба» на территории России и других стран в соответствии с правилами данного вида спорта и регламентами соответствующих спортивных соревнований и мероприятий.,1.0,0.8683420712133568,,,single_hop_specifc_query_synthesizer
"А если я компания, то кому писать, чтобы узнать про дела в этой федерации, Президенту Федреции?","['34. Президент Федерации информирует Председателя регионального \nотделения/Руководителя аккредитованного РСОО по месту нахождения юридического \nлица о поступлении документов на вступление юридического лица в члены Федерации. \nПредседатель регионального отделения /Руководитель аккредитованного РСОО по \nместу нахождения юридического лица имеет право  направить рекомендацию (скан) о \nпринятии (непринятии) юридического лица в члены Федерации  в течение 10 (десяти) \nрабочих дней с момента информирования Президентом Федерации. \nОтрицательная рекомендация должна быть мотивированной.  \nРекомендация Председателя регионального отделения/Руководителя аккредитованного \nРСОО не носит обязательного характера для Президента Федерации. \n35. Президент Федерации не позднее конца месяца, следующего за месяцем приема \nдокументов от юридического лица , принимает решение о принятии (непринятии) в \nчлены Федерации юридического лица. \n36. В случае отказа в принятии в члены Федерации уплаченные кандидатом взносы \nподлежат возврату. \n37.', '32. Вместе с письменным заявлением юридические  лица предоставляют следующие \nдокументы: \n\uf02d Протокол о решении вступить в Федерацию уполномоченного органа юридического \nлица, к компетенции которого уставом этого юридического лица отнесено принятие \nданного решения; \n\uf02d Нотариально заверенная копия действующего устава юридического лица и \nизменений к нему; \n\uf02d Нотариально заверенная копия с видетельства о государственной регистрации  \nюридического лица; \n\uf02d Нотариально заверенная копия с видетельства о постановке на учет в налоговом \nоргане юридического лица; \n\uf02d Нотариально завер енная копия выписки из единого государственного реестра \nюридический лиц; \n\uf02d Платежное поручение об оплате вступительного и членского взносов  (членский \nвзнос необходимо оплатить на срок не менее чем за один год  по реквизитам, \nуказанным на сайте Федерации в разделе «Реквизиты» , и в размере, указанном в \nГлаве 7 настоящего Положения). \n33. Вышеуказанные документы юридическое лицо направляет непосредственно в  \nФедерацию на имя Президента Федерации. \n34.', '25. Председатель регионального отделения /Руководитель аккредитованного РСОО  в \nтечение 5 (пяти) рабочих дней, включая дату получения документов кандидата в члены \nФедерации от инструктора ФПСР, после проверки всех документов должен направить в \nэлектронном виде Президенту Федерации  рекомендацию (скан) о принятии  \n(непринятии) кандидата в члены Федерации. \nОтрицательная рекомендация должна быть мотивированной на основании п.  8 \nПоложения. \nРекомендация Председателя регионального отделения/Руководителя аккредитованного \nРСОО не носит обязательного характера для Президента Федерации. \n26. Президент Федерации  не позднее конца месяца, следующего за месяцем получения \nэлектронного заявления  (анкеты) от кандидата в члены Федерации , проверяет \nдокументы и принимает решение о принятии  (непринятии) в члены Федерации \nфизического лица путем подтверждения (отклонения) электронного заявления (анкеты) \nкандидата в члены Федерации из сво его личного кабинета на сайте Федерации в се ти \nИнтернет ( https://ipsc.ru/).', '31. Юридические лица, желающие вступить в члены Федерации, подают письменное \nзаявление на имя Президента Федерации о приеме в члены ФПСР , в котором должно \nбыть указано: полное наименование юридического лица, адрес юридического лица , \nкоды ОКВЭД, согласие с Уставом Федерации и обязательство соблюдать данный Устав \nи другие нормативные акты Федерации. \n32.', '10. Учет членов Федерации организует Президент Федерации. \n \nIII. ПРАВА ЧЛЕНОВ ФЕДЕРАЦИИ \n \n11. Все члены Федерации пользуются равными правами в соответствии с Уставом , \nПоложением и иными нормативными актами Федерации. \n\n[Page 3]\n3 \n \n12. Права члена Федерации возникают с момента принятия решения Президе нта о \nвступлении его в Федерацию. Прекращение членства ведёт к прекращению всех прав по \nотношению к ФПСР в соответствии с действующим законодательством Российской \nФедерации. \n13. Члены Федерации - физические лица имеют право: \n\uf02d участвовать в управлении делами Федерации, избирать и быть избранными в \nруководящие и контрольно -ревизионные органы Федерации в соответствии с \nУставом Федерации и иными нормативными актами Федерации; \n\uf02d получать информацию о деятельности Федерации и знакомиться с ее бухгалтерской \nи иной документацией по письменному запросу, направляемому Президенту \nФедерации; \n\uf02d вносить предложения, касающиеся деятельности Федерации, участвовать в их \nобсуждении и реализации;']","Согласно пункту 13 Положения, для получения информации о деятельности Федерации и ознакомления с её бухгалтерской и иной документацией необходимо направить письменный запрос Президенту Федерации. В предоставленном контексте не указано иное лицо для юридических лиц, поэтому запрос также следует адресовать Президенту Федерации.","Юридические лица, являющиеся членами Федерации, имеют право получать информацию о деятельности Федерации и знакомиться с ее бухгалтерской и иной документацией по письменному запросу, направляемому Президенту Федерации.",,,,,single_hop_specifc_query_synthesizer
Какова роль Президента Федерации в вопросах учета членов Федерации и возврата взносов при отказе в приеме в члены Федерации?,"['34. Президент Федерации информирует Председателя регионального \nотделения/Руководителя аккредитованного РСОО по месту нахождения юридического \nлица о поступлении документов на вступление юридического лица в члены Федерации. \nПредседатель регионального отделения /Руководитель аккредитованного РСОО по \nместу нахождения юридического лица имеет право  направить рекомендацию (скан) о \nпринятии (непринятии) юридического лица в члены Федерации  в течение 10 (десяти) \nрабочих дней с момента информирования Президентом Федерации. \nОтрицательная рекомендация должна быть мотивированной.  \nРекомендация Председателя регионального отделения/Руководителя аккредитованного \nРСОО не носит обязательного характера для Президента Федерации. \n35. Президент Федерации не позднее конца месяца, следующего за месяцем приема \nдокументов от юридического лица , принимает решение о принятии (непринятии) в \nчлены Федерации юридического лица. \n36. В случае отказа в принятии в члены Федерации уплаченные кандидатом взносы \nподлежат возврату. \n37.', 'По факту подтверждения электронного заявления (анкеты) \nкандидата в члены Федерации у принятого члена Федерации появится отметка в личном \nкабинете о дате и времени приема в члены Федерации. По факту отклонения \nэлектронного заявления (анкеты) кандидата в члены Федерации у непринятого члена \nФедерации появится отметка о дате и времени отклонения приема в члены Федерации \n27. В случае отказа в принятии в члены Федерации уплаченные кандидатом взносы \nподлежат возврату на основании заявления о возврате денежных средств, поданного в \nустановленной форме на имя Президента Федерации. \n28. Для целей перехода из одного региона льного отделения /РСОО в другое члену \nФедерации - физическому лицу необходимо заполнить в личном каби нете на сайте \nФедерации электронную форму заявления о смене регионального отделения и ожидать \nподтверждение от Председателя регионального отделения /Руководителя \nаккредитованного РСОО, в которое переходит физическое лицо. На момент заполнения \nзаявления у члена Федерации - физического лица не должно быть задолженностей по \nчленским взносам.', '25. Председатель регионального отделения /Руководитель аккредитованного РСОО  в \nтечение 5 (пяти) рабочих дней, включая дату получения документов кандидата в члены \nФедерации от инструктора ФПСР, после проверки всех документов должен направить в \nэлектронном виде Президенту Федерации  рекомендацию (скан) о принятии  \n(непринятии) кандидата в члены Федерации. \nОтрицательная рекомендация должна быть мотивированной на основании п.  8 \nПоложения. \nРекомендация Председателя регионального отделения/Руководителя аккредитованного \nРСОО не носит обязательного характера для Президента Федерации. \n26. Президент Федерации  не позднее конца месяца, следующего за месяцем получения \nэлектронного заявления  (анкеты) от кандидата в члены Федерации , проверяет \nдокументы и принимает решение о принятии  (непринятии) в члены Федерации \nфизического лица путем подтверждения (отклонения) электронного заявления (анкеты) \nкандидата в члены Федерации из сво его личного кабинета на сайте Федерации в се ти \nИнтернет ( https://ipsc.ru/).', '10. Учет членов Федерации организует Президент Федерации. \n \nIII. ПРАВА ЧЛЕНОВ ФЕДЕРАЦИИ \n \n11. Все члены Федерации пользуются равными правами в соответствии с Уставом , \nПоложением и иными нормативными актами Федерации. \n\n[Page 3]\n3 \n \n12. Права члена Федерации возникают с момента принятия решения Президе нта о \nвступлении его в Федерацию. Прекращение членства ведёт к прекращению всех прав по \nотношению к ФПСР в соответствии с действующим законодательством Российской \nФедерации. \n13. Члены Федерации - физические лица имеют право: \n\uf02d участвовать в управлении делами Федерации, избирать и быть избранными в \nруководящие и контрольно -ревизионные органы Федерации в соответствии с \nУставом Федерации и иными нормативными актами Федерации; \n\uf02d получать информацию о деятельности Федерации и знакомиться с ее бухгалтерской \nи иной документацией по письменному запросу, направляемому Президенту \nФедерации; \n\uf02d вносить предложения, касающиеся деятельности Федерации, участвовать в их \nобсуждении и реализации;', '15. Члены Федерации при наличии задолженности по членским взносам за текущий год не \nимеют права: \n\uf02d требовать внесения изменений в свою учетную запись  личного кабинета члена \nФедерации; \n\uf02d на выдачу и продление удостоверения члена Федерации, в том числе электронного; \n\n[Page 4]\n4 \n \n\uf02d оформлять переход в другое региональное отделение Федерации. \n \nIV. ОБЯЗАННОСТИ ЧЛЕНОВ ФЕДЕРАЦИИ \n \n16. Все члены Федерации несут равные обязанности в соответствии с Уставом, \nПоложением и иными нормативными актами Федерации. \n17. Обязанности члена Федерации возникают с момента принятия решения Президента о \nвступлении его в Федерацию . Прекращение членства ведёт к прекращению всех \nобязанностей по отношению к ФПСР в соответствии с действующим \nзаконодательством Российской Федерации, за исключением обязанности по оплате \nнеуплаченных ранее членских взносов. \n18. Члены Федерации - физические лица обязаны: \n\uf02d Своевременно уплачивать вступительные, членские и целевые взносы в порядке и \nразмере,']","Президент Федерации организует учёт членов Федерации и, в случае отказа в приёме, обеспечивает возврата уплаченных кандидатом взносов на основании заявления о возврате, поданного на его имя.","Согласно предоставленным документам, Президент Федерации выполняет следующие функции: во-первых, он организует учет членов Федерации (п. 10). Во-вторых, в случае отказа в принятии кандидата в члены Федерации, уплаченные взносы подлежат возврату на основании заявления о возврате денежных средств, которое подается в установленной форме именно на имя Президента Федерации (п. 27).",1.0,0.7621942862374729,0.49999999995,1.0,multi_hop_specific_query_synthesizer
Каков порядок подачи заявления на имя Президента Федерации и в какие сроки Президент Федерации должен принять решение по этому заявлению?,"['25. Председатель регионального отделения /Руководитель аккредитованного РСОО  в \nтечение 5 (пяти) рабочих дней, включая дату получения документов кандидата в члены \nФедерации от инструктора ФПСР, после проверки всех документов должен направить в \nэлектронном виде Президенту Федерации  рекомендацию (скан) о принятии  \n(непринятии) кандидата в члены Федерации. \nОтрицательная рекомендация должна быть мотивированной на основании п.  8 \nПоложения. \nРекомендация Председателя регионального отделения/Руководителя аккредитованного \nРСОО не носит обязательного характера для Президента Федерации. \n26. Президент Федерации  не позднее конца месяца, следующего за месяцем получения \nэлектронного заявления  (анкеты) от кандидата в члены Федерации , проверяет \nдокументы и принимает решение о принятии  (непринятии) в члены Федерации \nфизического лица путем подтверждения (отклонения) электронного заявления (анкеты) \nкандидата в члены Федерации из сво его личного кабинета на сайте Федерации в се ти \nИнтернет ( https://ipsc.ru/).', '34. Президент Федерации информирует Председателя регионального \nотделения/Руководителя аккредитованного РСОО по месту нахождения юридического \nлица о поступлении документов на вступление юридического лица в члены Федерации. \nПредседатель регионального отделения /Руководитель аккредитованного РСОО по \nместу нахождения юридического лица имеет право  направить рекомендацию (скан) о \nпринятии (непринятии) юридического лица в члены Федерации  в течение 10 (десяти) \nрабочих дней с момента информирования Президентом Федерации. \nОтрицательная рекомендация должна быть мотивированной.  \nРекомендация Председателя регионального отделения/Руководителя аккредитованного \nРСОО не носит обязательного характера для Президента Федерации. \n35. Президент Федерации не позднее конца месяца, следующего за месяцем приема \nдокументов от юридического лица , принимает решение о принятии (непринятии) в \nчлены Федерации юридического лица. \n36. В случае отказа в принятии в члены Федерации уплаченные кандидатом взносы \nподлежат возврату. \n37.', '32. Вместе с письменным заявлением юридические  лица предоставляют следующие \nдокументы: \n\uf02d Протокол о решении вступить в Федерацию уполномоченного органа юридического \nлица, к компетенции которого уставом этого юридического лица отнесено принятие \nданного решения; \n\uf02d Нотариально заверенная копия действующего устава юридического лица и \nизменений к нему; \n\uf02d Нотариально заверенная копия с видетельства о государственной регистрации  \nюридического лица; \n\uf02d Нотариально заверенная копия с видетельства о постановке на учет в налоговом \nоргане юридического лица; \n\uf02d Нотариально завер енная копия выписки из единого государственного реестра \nюридический лиц; \n\uf02d Платежное поручение об оплате вступительного и членского взносов  (членский \nвзнос необходимо оплатить на срок не менее чем за один год  по реквизитам, \nуказанным на сайте Федерации в разделе «Реквизиты» , и в размере, указанном в \nГлаве 7 настоящего Положения). \n33. Вышеуказанные документы юридическое лицо направляет непосредственно в  \nФедерацию на имя Президента Федерации. \n34.', '37. На основании решения Президента Федерации о принятии в члены Федерации \nвыдается: \n\n[Page 8]\n8 \n \n\uf02d физическому лицу – электронное удостоверение установленного образца \n(приложение № 1 к настоящему Положению), которому присваивается персональный \nидентификационный номер . Возможно  также изготовление пластикового \nудостоверения за дополнительную плату  (приложение №  2 к настоящему \nПоложению); \n\uf02d юридическому лицу – решение Президента Федерации, заверенное печатью \nФедерации и подписью Президента Федерации, с присвоением персонального \nидентификационного членского номера. \n38. Персональный идентификационный номер электронного удостоверения указывается в \nличном кабинете члена Федерации  - физического лица . В случае неоплаты членских \nвзносов в личный кабинет члена Федерации н аправляется уведомление с указанием \nсрока оплаты задолженности. В период существования задолженности в озможность \nвнесения изменений в профиль личного кабинета и совершение иных действий с \nаккаунтом заблокирована. \n39.', '31. Юридические лица, желающие вступить в члены Федерации, подают письменное \nзаявление на имя Президента Федерации о приеме в члены ФПСР , в котором должно \nбыть указано: полное наименование юридического лица, адрес юридического лица , \nкоды ОКВЭД, согласие с Уставом Федерации и обязательство соблюдать данный Устав \nи другие нормативные акты Федерации. \n32.']","Порядок подачи заявления:

- **Юридическое лицо** подаёт письменное заявление на имя Президента Федерации, в котором указываются: полное наименование, адрес, коды ОКВЭД, согласие с Уставом Федерации и обязательство его соблюдать. К заявлению прилагаются перечисленные документы (протокол решения о вступлении, нотариально заверенные копии устава, свидетельства о государственной регистрации, о постановке на налоговый учёт, выписка из ЕГРЮЛ, платёжное поручение об оплате вступительного и членского взносов). Документы направляются непосредственно в Федерацию на имя Президента.

- **Физическое лицо** подаёт электронное заявление (анкету) через личный кабинет на сайте Федерации (https://ipsc.ru/).

Сроки принятия решения Президентом Федерации:

Президент принимает решение о принятии (непринятии) в члены Федерации **не позднее конца месяца, следующего за месяцем получения документов** (для юридических лиц) либо **не позднее конца месяца, следующего за месяцем получения электронного заявления** (для физических лиц).","Порядок подачи заявления предполагает, что кандидат в члены Федерации должен заполнить электронную форму заявления (анкеты) на имя Президента Федерации в личном кабинете на сайте Федерации, распечатать его, подписать авторучкой с синими чернилами (или использовать электронную подпись при ее наличии) и загрузить скан в личный кабинет. После этого Президент Федерации должен проверить документы и принять решение о принятии (непринятии) физического лица в члены Федерации путем подтверждения или отклонения электронного заявления в своем личном кабинете на сайте Федерации не позднее конца месяца, следующего за месяцем получения данного заявления.",1.0,0.7602117459696057,0.49999999995,0.5,multi_hop_specific_query_synthesizer
слушайте а если я на сайте https://ipsc.ru/ всё оплачу и документы отправлю то долго ли ждать ответа когда меня примут?,"['ipsc.ru\nВойдите в личный кабинет и выберите пункт «Вступление»\n\nЗаполните заявку в электронной форме (дата прохождения\nБЕКОСО и ФИО инструктора обязательны к заполнению)\n\nОплатите вступительный взнос 2 000 рублей\nи годовой членский взнос 3 000 рублей\n\nОжидайте подтверждения заявки инструктором\n(в личном кабинете)\n\nПодтверждение Вашей заявки региональным директором\n(в личном кабинете)\n\nОжидайте решение Президента\nОСОО ФПСР (в личном кабинете)\n\nВам присваивается номер члена ОСОО ФПСР\n\nВыпустите электронное членское удостоверение в личном кабинете\n\nИли закажите пластиковое удостоверение в том же разделе.\nПластиковое удостоверение не является обязательным.', '[Page 6]\n6 \n \n22. Заполненное электронное заявление (анкета) со всеми необходимыми документами \nпоступает от кандидата в члены Федерации инструктору ФПСР, у которого кандидат \nпрошел курс БЕКОСО. \n23. При успешном завершении кандидатом в члены Федерации курса БЕКОСО инструктор \nФПСР ставит об этом отметку в электронном заявлении (анкете) кандидата в течение 3 \n(трех) рабочих дней после получения электронного заявления (анкеты). \n24. Инструктор ФПСР направляет все документы кандидата в члены Федерации в течение 5 \n(пяти) рабочих дней после подтверждения электронного заявления (анкеты) с отметкой \nоб успешном прохождении курса по БЕКОСО П редседателю регионального отделения \nФедерации/Руководителю аккредитованного РСОО, в котором лицо планирует стоять \nна учете. \n25.', 'Подписанное электронной подписью заявление (анкета) загружается в \nличный кабинет автоматически. \n21.4. Оплатить вступительный и членский взносы в размере, указанном в Главе 7 \nнастоящего Положения (членский взно с необходимо оплатить на срок не менее \nчем 1 (один) год). \nСпособы оплаты вступительного и членского взносов: \n\uf02d через систему эквайринга на сайте Федерации из личного кабинета согласно \nопубликованной инструкции в разделе «Личный кабинет»; \n\uf02d по реквизитам, указанным на сайте Федерации в разделе «Реквизиты»; \n\uf02d по квитанции для оплаты членских и вступительных взносов, опубликованн ой \nна сайте Федерации в разделе «О вступлении». \n21.5. В случае оплаты взносов в платежных системах, отличных от системы эквайринга \nна сайте Федерации в сети Интернет (https://ipsc.ru/), приложить скан квитанции \nоб оплате вступительных и членских взносов к электронной форме заявления. \n21.6. Направить инструктору ФПСР, у которого кандидат прошел курс БЕКОСО, через \nличный кабинет на сайте Федерации соб ранные в соответствии Положением \nдокументы.', 'По факту подтверждения электронного заявления (анкеты) \nкандидата в члены Федерации у принятого члена Федерации появится отметка в личном \nкабинете о дате и времени приема в члены Федерации. По факту отклонения \nэлектронного заявления (анкеты) кандидата в члены Федерации у непринятого члена \nФедерации появится отметка о дате и времени отклонения приема в члены Федерации \n27. В случае отказа в принятии в члены Федерации уплаченные кандидатом взносы \nподлежат возврату на основании заявления о возврате денежных средств, поданного в \nустановленной форме на имя Президента Федерации. \n28. Для целей перехода из одного региона льного отделения /РСОО в другое члену \nФедерации - физическому лицу необходимо заполнить в личном каби нете на сайте \nФедерации электронную форму заявления о смене регионального отделения и ожидать \nподтверждение от Председателя регионального отделения /Руководителя \nаккредитованного РСОО, в которое переходит физическое лицо. На момент заполнения \nзаявления у члена Федерации - физического лица не должно быть задолженностей по \nчленским взносам.', '25. Председатель регионального отделения /Руководитель аккредитованного РСОО  в \nтечение 5 (пяти) рабочих дней, включая дату получения документов кандидата в члены \nФедерации от инструктора ФПСР, после проверки всех документов должен направить в \nэлектронном виде Президенту Федерации  рекомендацию (скан) о принятии  \n(непринятии) кандидата в члены Федерации. \nОтрицательная рекомендация должна быть мотивированной на основании п.  8 \nПоложения. \nРекомендация Председателя регионального отделения/Руководителя аккредитованного \nРСОО не носит обязательного характера для Президента Федерации. \n26. Президент Федерации  не позднее конца месяца, следующего за месяцем получения \nэлектронного заявления  (анкеты) от кандидата в члены Федерации , проверяет \nдокументы и принимает решение о принятии  (непринятии) в члены Федерации \nфизического лица путем подтверждения (отклонения) электронного заявления (анкеты) \nкандидата в члены Федерации из сво его личного кабинета на сайте Федерации в се ти \nИнтернет ( https://ipsc.ru/).']","После оплаты и отправки документов процесс выглядит так:

- Инструктор ФПСР ставит отметку о успешном прохождении курса БЕКОСО в течение **3 рабочих дней** после получения заявления.  
- Затем инструктор направляет все документы председателю регионального отделения/руководителю аккредитованного РСОО в течение **5 рабочих дней** после подтверждения заявления.  
- Председатель регионального отделения/руководитель аккредитованного РСОО должен направить рекомендацию Президенту Федерации в течение **5 рабочих дней** после получения документов от инструктора.  
- Президент Федерации проверяет документы и принимает решение о принятии (непринятии) **не позднее конца месяца, следующего за месяцем получения электронного заявления** от кандидата.

Таким образом, после оплаты и отправки документов ожидание ответа может занять до примерно одного месяца (с учётом указанных сроков). Если ответа нет в документации – я бы указал это, но в данном случае информация присутствует.","После того как вы оплатите вступительный и членский взносы (через эквайринг на сайте, по реквизитам или квитанции) и направите собранные документы инструктору через личный кабинет, начинается процесс проверки. Сначала председатель регионального отделения или руководитель РСОО в течение 5 рабочих дней должен направить рекомендацию Президенту Федерации. Затем Президент Федерации принимает окончательное решение о принятии или отклонении вашего заявления не позднее конца месяца, следующего за месяцем получения вашего электронного заявления.",0.5714285714285714,0.7941413053719216,0.5888888888692593,1.0,multi_hop_specific_query_synthesizer
"Каков порядок вступления в ОСОО ФПСР и какие привилегии в отношении членских взносов может получить член Федерации, получивший звание «Почетный член ОСОО «ФПСР» согласно внутренним правилам организации?","['51.4. Ежегодный членский взнос составляет 3 000,00 руб. \n51.5. Ежегодный членский взнос для ветеранов боевых действий составляет 1  000,00 \nруб. Категория «ветеран боевых действий» должна подтверждаться \nсоответствующими документами. \n51.6. При вступлении в члены Федерации ежегодный членский взнос уплачивается на \nсрок не менее чем 1 (один) год. \n51.7. Последующая оплата ежегодных членских взносов должна производиться не \nпозднее 2 (двух) месяцев после истечения срока действия уплаченного при \nвступлении/ранее уплаченного ежегодного членского взноса. \n51.8. При единовременной оплате ежегодного членского взноса за 5 (пять) лет членства \nв Федерации его размер составляет 12 000,00 руб. \n51.9. При единовременной оплате ежегодного членского взноса за бессрочное членство \nв Федерации его размер составляет 100 000,00 руб. \n51.10. От оплаты вступительных и ежегодных членских взносов освобождаются \nчлены Федерации, которым присвоено звание «Почетный член ОСОО «ФПСР». \n52.', 'В отношении исключенных лиц за неуплату членских взносов  повторное \nпринятие возможно на общих основаниях при условии оплаты всей задолженности по \nчленским взносам, образовавшейся в период членства до исключения из Федерации.  \n \nVII. ПОРЯДОК УПЛАТЫ ЧЛЕНСКИХ И ИНЫХ ВЗНОСОВ И ИХ \nРАСПРЕДЕЛЕНИЯ \n \n50. В отношении членов Федерации, оплативших членские взносы, в том числе частично, в \nединой регистрационной системе учета членов Федерации делается соответствующая \nотметка. \n51. Размер и порядок уплаты членских и вступительных взносов для физических лиц: \n51.1. Вступительный взнос составляет 2 000,00 руб. \n51.2. Вступительный взнос для ветеранов боевых действий составляет 1  000,00 руб. \nКатегория «ветеран боевых действий» должна подтверждаться \nсоответствующими документами. \n\n[Page 10]\n10 \n \n51.3. Вступительный взнос у плачивается единовременно при вступлении в члены \nФедерации. \n51.4. Ежегодный членский взнос составляет 3 000,00 руб. \n51.5.', '52. Размер и порядок уплаты членских и вступительных взносов для юридических лиц: \n52.1. Ежегодный членский взнос составляет 50 000,00 руб. \n52.2. При вступлении в члены Федерации ежегодный членский взнос уплачивается на \nсрок не менее чем 1 (один) год. \n52.3. Последующая оплата ежегодных членских взносов должна производиться не \nпозднее 2 (двух) месяцев после истечения срока действия уплаченного при \nвступлении/ранее уплаченного ежегодного членского взноса. \n53. Президент Федерации вправе по своему усмотрению предоста вить льготы либо \nосвободить от уплаты членских взносов конкретного члена Федерации при условии \nбезвозмездного предоставления им движимого и недвижимого имущества и услуг, \nнеобходимых для развития Федерации, или сделавшего значительный вклад в развитие \nФедерации, либо вида спорта в целом. \n54.', 'которые существенно затрудняют или делают \nневозможным достижение целей, ради которых создана Федерация; \n\uf02d Не разглашать конфиденциальную информацию о деятельности Федерации; \n\uf02d Сообщать об изменениях учредительных документов, реквизитов и иных контактных \nданных; \n\uf02d Не распространять сведения, порочащие честь, достоинство и (или) деловую \nрепутацию Федерации, а также работников и лиц, входящих в ее органы управления в \n\n[Page 5]\n5 \n \nсредствах массовой информации. \n \nV. ПОРЯДОК ВСТУПЛЕНИЯ В ЧЛЕНЫ ФЕДЕРАЦИИ \n \n20. Физические лица, желающие вступи ть в члены Федерации (далее – кандидат в члены \nФедерации), проходят электронную процедуру подачи заявки на вступление в члены \nФедерации. \n21. Для вступления в члены Федерации кандидату в члены Федерации необходимо: \n21.1. Пройти (успешно завершить) курсы безопасного и  квалифицированного \nобращения с оружием (далее – БЕКОСО) у инструктора ФПСР (список \nинструкторов ФПСР опубликован на сайте Федерации в сети Интернет по ссылке \nhttps://ipsc.ru/).', 'членские и целевые взносы в порядке и \nразмере, установленном решением Конференции и настоящим Положением; \n\uf02d Выполнять решения руководящих органов Федерации; \n\uf02d Соблюдать Устав Федерации и иные регулирующие деятельность Федерации акты; \n\uf02d Воздерживаться от деятельности, противоречащей целям и задачам Федерации; \n\uf02d Не совершать действий (бездействий), нарушающих Устав Федерации, этику  \nспортивных и товарищеских взаимоотношений, подрывающих авторитет ФПСР, а \nтакже действий, наносящих репутационный и материальный ущерб Федерации; \n\uf02d Не совершать действий (бездействий), которые существенно затрудняют или делают \nневозможным достижение целей, ради которых создана Федерация; \n\uf02d Не разглашать конфиденциальную информацию о деятельности Федерации; \n\uf02d Вносить необходимые изменения в учетную запись личного кабинета члена \nФедерации в случае смены персональных и иных контактных данных; \n\uf02d Не распространять сведения, порочащие деловую репутацию Федерации, а также \nчесть, достоинство членов, работников и лиц,']","Порядок вступления в ОСОО ФПСР:  
- Физические лица подают заявку электронно;  
- Для вступления необходимо успешно завершить курсы безопасного и квалифицированного обращения с оружием (БЕКОСО) у инструктора ФПСР (список инструкторов опубликован на сайте https://ipsc.ru/).

Привилегии для членов, получивших звание «Почетный член ОСОО «ФПСР»:  
- Они освобождаются от оплаты вступительного и ежегодного членского взноса.","Для того чтобы стать членом ОСОО ФПСР, необходимо выполнить следующие шаги: зайти на сайт WWW.Ipsc.ru, найти в каталоге региональное отделение ОСОО ФПСР в своем регионе, связаться с региональным директором для подбора сертифицированного инструктора ОСОО ФПСР, пройти курс БЕКОСО и зарегистрироваться в личном кабинете на сайте Www.ipsc. Согласно пункту 9, физическим лицам за особые заслуги в развитии вида спорта «практическая стрельба» и (или) выдающиеся спортивные достижения по этому виду спорта на основании решения Президента Федерации может быть присвоено звание «Почетный член ОСОО «ФПСР», при этом такой член Федерации освобождается от уплаты членских взносов.",1.0,0.7732454035112531,0.8333333332916666,,multi_hop_specific_query_synthesizer
"Какими полномочиями обладает Президент Федерации в отношении учета членов Федерации и в каком порядке юридические лица, являющиеся членами Федерации, могут взаимодействовать с Президентом Федерации для получения информации о деятельности организации?","['10. Учет членов Федерации организует Президент Федерации. \n \nIII. ПРАВА ЧЛЕНОВ ФЕДЕРАЦИИ \n \n11. Все члены Федерации пользуются равными правами в соответствии с Уставом , \nПоложением и иными нормативными актами Федерации. \n\n[Page 3]\n3 \n \n12. Права члена Федерации возникают с момента принятия решения Президе нта о \nвступлении его в Федерацию. Прекращение членства ведёт к прекращению всех прав по \nотношению к ФПСР в соответствии с действующим законодательством Российской \nФедерации. \n13. Члены Федерации - физические лица имеют право: \n\uf02d участвовать в управлении делами Федерации, избирать и быть избранными в \nруководящие и контрольно -ревизионные органы Федерации в соответствии с \nУставом Федерации и иными нормативными актами Федерации; \n\uf02d получать информацию о деятельности Федерации и знакомиться с ее бухгалтерской \nи иной документацией по письменному запросу, направляемому Президенту \nФедерации; \n\uf02d вносить предложения, касающиеся деятельности Федерации, участвовать в их \nобсуждении и реализации;', '34. Президент Федерации информирует Председателя регионального \nотделения/Руководителя аккредитованного РСОО по месту нахождения юридического \nлица о поступлении документов на вступление юридического лица в члены Федерации. \nПредседатель регионального отделения /Руководитель аккредитованного РСОО по \nместу нахождения юридического лица имеет право  направить рекомендацию (скан) о \nпринятии (непринятии) юридического лица в члены Федерации  в течение 10 (десяти) \nрабочих дней с момента информирования Президентом Федерации. \nОтрицательная рекомендация должна быть мотивированной.  \nРекомендация Председателя регионального отделения/Руководителя аккредитованного \nРСОО не носит обязательного характера для Президента Федерации. \n35. Президент Федерации не позднее конца месяца, следующего за месяцем приема \nдокументов от юридического лица , принимает решение о принятии (непринятии) в \nчлены Федерации юридического лица. \n36. В случае отказа в принятии в члены Федерации уплаченные кандидатом взносы \nподлежат возврату. \n37.', '\uf02d выйти из членов Федерации по своему желанию. \n14. Члены Федерации - юридические лица имеют право: \n\uf02d получать информацию о деятельности Федерации и знакомиться с ее бухг алтерской \nи иной документацией по письменному запросу, направляемому Президенту \nФедерации; \n\uf02d вносить предложения, касающиеся деятельности Федерации, участвовать в их \nобсуждении и реализации; \n\uf02d пользоваться спортивными и образовательными программами Федерации; \n\uf02d проводить спортивные мероприятия по виду спорта «практическая стрельба»  в \nсоответствии с правилами данного вида спорта , положениями  и регламентами \nсоответствующих спортивных соревнований и мероприятий; \n\uf02d подавать заявки на проведение официальных спортивных с оревнований и \nучебно-тренировочных мероприятий муниципального, регионального, \nмежрегионального, всероссийского и международного уровней; \n\uf02d направлять своих членов или участников для участия в муниципальных и \nрегиональных мероприятиях; \n\uf02d выйти из членов Федерации по своему желанию. \n15.', '31. Юридические лица, желающие вступить в члены Федерации, подают письменное \nзаявление на имя Президента Федерации о приеме в члены ФПСР , в котором должно \nбыть указано: полное наименование юридического лица, адрес юридического лица , \nкоды ОКВЭД, согласие с Уставом Федерации и обязательство соблюдать данный Устав \nи другие нормативные акты Федерации. \n32.', '32. Вместе с письменным заявлением юридические  лица предоставляют следующие \nдокументы: \n\uf02d Протокол о решении вступить в Федерацию уполномоченного органа юридического \nлица, к компетенции которого уставом этого юридического лица отнесено принятие \nданного решения; \n\uf02d Нотариально заверенная копия действующего устава юридического лица и \nизменений к нему; \n\uf02d Нотариально заверенная копия с видетельства о государственной регистрации  \nюридического лица; \n\uf02d Нотариально заверенная копия с видетельства о постановке на учет в налоговом \nоргане юридического лица; \n\uf02d Нотариально завер енная копия выписки из единого государственного реестра \nюридический лиц; \n\uf02d Платежное поручение об оплате вступительного и членского взносов  (членский \nвзнос необходимо оплатить на срок не менее чем за один год  по реквизитам, \nуказанным на сайте Федерации в разделе «Реквизиты» , и в размере, указанном в \nГлаве 7 настоящего Положения). \n33. Вышеуказанные документы юридическое лицо направляет непосредственно в  \nФедерацию на имя Президента Федерации. \n34.']","Президент Федерации организует учёт членов Федерации (п. 10), информирует Председателя регионального отделения/Руководителя аккредитованного РСОО о поступлении документов на вступление юридического лица (п. 34) и принимает решение о принятии (непринятии) в члены Федерации юридического лица не позднее конца месяца, следующего за месяцем приёма документов (п. 35); в случае отказа возвращает уплаченные взносы (п. 36).  

Юридические лица‑члены Федерации могут получать информацию о деятельности Федерации и знакомиться с её бухгалтерской и иной документацией, направив письменный запрос Президенту Федерации (п. 14).","Согласно пункту 10 предоставленного текста, учет членов Федерации организует Президент Федерации. В свою очередь, члены Федерации, являющиеся юридическими лицами, имеют право получать информацию о деятельности Федерации и знакомиться с ее бухгалтерской и иной документацией путем направления письменного запроса Президенту Федерации.",1.0,0.7490280615950096,0.9999999999,1.0,multi_hop_specific_query_synthesizer
какие требования к количеству выстрелов в «средних» упражнениях для пистолета и с какого возраста допускаются участники в этой дисциплине?,"['стандартный класс – командные \nсоревнования (4 человека) \n9 КПС-3 – карабин пневматический, стандартный класс – дуэльная стрельба \n \nТаблица 8 \nТребования к участникам спортивного соревнования \n№  \nп/п \nСпортивная дисциплина Возрастная группа, \nпол \nВозраст \n1 \nВсе спортивные \nдисциплины \nЮноши и девушки \n(соревнуются \nбез разделения \nпо половому признаку) \n11-15 лет \n2 \nВсе спортивные \nдисциплины \nЮниоры, юниорки \n(соревнуются \nбез разделения \nпо половому признаку) \n16-20 лет \n3 Все спортивные \nдисциплины, \nза исключением \nспортивной дисциплины \n«пистолет» \nМужчины, женщины 16 лет и старше \n4 Для спортивной \nдисциплины «пистолет» \nМужчины, женщины 14 лет и старше \n\n[Page 5]\n \n  \n5 \n \nПримечания: \n1. Спортсмен должен достичь установленного возраста до дня начала \nспортивного соревнования. \n2.', 'Для карабина пистолетного калибра. Не более 12 -ти зачетных выстрелов \nдля завершения упражнения. Дизайн упражнения и его конструкция не должны \nтребовать произвести более 10 -ти зачётны х выстрелов из одного стрелкового \nположения или с одного направления. \n1.2.1.2. «Средние» упражнения: \nДля пистолета , пневматического пистолета . Н е более 24 -х за четных \nвыстрелов для завершения  упражнения. Дизайн упражнения и его построение не \nдолжны требоват ь более 9 -ти зачетных выстрелов из одного стрелкового \nположения или с одного направления и не должны предоставлять спортсмену \nвозможность поразить все мишени из одного стрелкового положения или с одного \nнаправления. \nДля ружья . Н е более 16 -ти зачётных выстр елов для завершения \nупражнения и ограничены максимум 24 зачетными попаданиями . Дизайн \nупражнения и его построение не должны требовать произвести  более 8 -ми \nзачётных выстрелов из одного стрелкового положения или с одного направления.  \nДля карабина . Н е более  10-ти зачётных выстрелов для завер шения \nупражнения.', '1.2.1.3. «Длинные» упражнения: \nДля пистолета , пневматического пистолета . Н е более 32 -х зачетных \nвыстрелов для завершения упражнения. Дизайн упражнения и его построение не \nдолжны требовать произвести более 9 -ти зачетных выстрелов из одного \nстрелкового положения  или с одного направления и не должны предоставлят ь \n\n[Page 8]\n \n  \n8 \nспортсмену возможность поразить все мишени из одного стрелкового положения  \nили с одного направления.  \nДля ружья.  Не более 28 -ми зачетных выстрелов  для завершения и \nограничены максимумом  32-мя зачётными  попаданиями. Дизайн упражнения и \nего построение не д олжны требовать произвести более 8 зачетных выстрелов  из \nодного стрелкового положения или с одного направления. На упражнении, \nтребующем 24 или более выстрелов, нельзя устанавливать разряжен ное \nположение готовности ружья.  \nДля карабина . Н е более 20 -ти зачётных выстрелов для  завершения \nупражнения.', '1.2. Виды упражнений \n \nПрограммы соревнований могут включать следующие виды упражнений: \n1.2.1. Основные упражнения: \n1.2.1.1. «Короткие» упражнения: \nДля пистолета, пневматического пистолета . Не более 12-ти зачетных \nвыстрелов для завершения упражнения. Дизайн упражнения и его конструкция не \nдолжны требовать произвести более 9 -ти зачётных выстрелов из одного \nстрелкового положения или с одного направления.  \n\n[Page 7]\n \n  \n7 \nДля ружья. Не более 8-ми зачётных выстрелов для завершения упражнения \nи ограничены максимум 12 зачетными попаданиями. \nДля карабина, пневматического карабина. Не должны требовать более 5-ти \nзачётных выстрелов для завершения упражнения  для карабинов с ручным \nперезаряжанием и 10 зачетных выстрелов для карабинов с автоматическим \nперезаряжанием. Если требуется по 2 в ыстрела по картонной мишени, то \nколичество выстрелов возрастает до 10-ти. \nДля карабина пистолетного калибра.', 'Для карабина пистолетного калибра. Не более 24 -х зачётных выстрелов \nдля завершения упражнения. Дизайн упражнения и его построение не должны \nтребовать произвести более 10 -ти зачётных выстрелов из одного стрелкового \nположения или с од ного направления и не давать возможность обстрелять  все \nзачётные мишени из одного стрелкового положения или с одного направления. \nДля пневматического карабина. Н е более 10 -ти зачётных выстрелов для \nзавершения упражнения. Дизайн упражнения и его построение не должны \nтребовать поражения более 5 -ти зачётных мишеней из одного стрелкового \nположения или с одного направления и не давать возможность обстрелять все \nзачётные мишени с одной стрелковой  позиции или направления. Если требуется \nпроизвести по 2 выстрела п о картонной мишени, то максимальное количество  \nвыстрелов  может быть увеличено до 20 -ти, а максимальное количество зачетных \nвыстрелов из одного стрелкового положения или с одного направления до 10-ти. \n1.2.1.3. «Длинные» упражнения: \nДля пистолета , пневматического пистолета .']",Для «средних» упражнений в дисциплине пистолет (включая пневматический пистолет) допускается не более 24 зачётных выстрелов для завершения упражнения. Участники в этой дисциплине допускаются с 14 лет (мужчины и женщины).,"В «средних» упражнениях для пистолета и пневматического пистолета допускается не более 24-х зачетных выстрелов для завершения упражнения, при этом дизайн и построение упражнения не должны требовать более 9-ти зачетных выстрелов из одного стрелкового положения или с одного направления, а также не должны позволять поразить все мишени из одного положения или направления. В спортивную дисциплину «пистолет» допускаются мужчины и женщины в возрасте 14 лет и старше.",1.0,0.8842942050051118,0.0,1.0,multi_hop_specific_query_synthesizer
